video_id,title,download_link,predict_probability,predict_label,predict_result,predict_confidence,predict_status
video_01,小巧芋艿-套路大學兼職清純女 灰絲高跟,magnet:?xt=urn:btih:edb36844d87f6684c857192bff9085fcbf454300,0.6383177042007446,好看,1.0,0.6383177042007446,success
video_02,最新抖音泄密！比基尼运动员打孔反差婊【凯西小树洞】最新福利，脸穴同框插逼喷水吞精(8V)[MP4/325MB],magnet:?xt=urn:btih:833bc65ac73a57e235f387a1af700bb4278cbea0,0.44150736927986145,不好看,0.0,0.5584926307201385,success
video_03,极品小少妇给主人足交服侍 实在是太有感觉了，那滋味一定很棒吧！[MP4/107MB],magnet:?xt=urn:btih:3343fca6e802ff84542e90a4943029e9303f4086,0.43626561760902405,不好看,0.0,0.563734382390976,success
video_04,约啪大神【Nic学长】打桩后入超多极品学生嫩妹(88V)[MP4/1210MB],magnet:?xt=urn:btih:c0de524101e366ee1e58488377166d63545ace1b,0.44138598442077637,不好看,0.0,0.5586140155792236,success
video_05,新晉約炮大神『碇真嗣 zhansi0106』大一妹子，小身板肏一下她渾身就滾燙，妹子翹屁股趴床叫，我從後頂她逼,magnet:?xt=urn:btih:db4546cd28fd3e0661a9b67b95e794cf2edb213f,0.43792393803596497,不好看,0.0,0.562076061964035,success
video_06,满背纹身骚人妻跟大哥啪啪，69舔弄大鸡巴还用跳蛋玩弄大哥菊花，逼里塞着跳蛋滑入大鸡巴无套爆草[MP4/932MB],magnet:?xt=urn:btih:f62ccaebb0cf7922c506975a805a8b676c993f50,0.5153095126152039,好看,1.0,0.5153095126152039,success
video_07,被小哥插的冒白浆的高颜值女主，让小哥按着头口交大鸡巴，无毛白虎逼无套爆草，道具抽插高潮喷尿[MP4/846MB],magnet:?xt=urn:btih:17ed1dc28ee74d4d23116cfece3932f0c885e4ee,0.4557208716869354,不好看,0.0,0.5442791283130646,success
video_08,美女留學生情侶私拍泄密露臉出鏡全裸自拍 顏妹條靚激情騎乘被外國男友後入爆操 幹到腿軟高潮,magnet:?xt=urn:btih:fa958ac81fb9a94a66b206182aa78eaf87532cdb,0.4470789134502411,不好看,0.0,0.5529210865497589,success
video_09,原创PUA泡良大神【GGBond】最新福利，各种蜜桃臀蜂腰小浪货性爱享乐(15V),magnet:?xt=urn:btih:201e9ce52130a575dfb8e4385d6f71f5b0add7a7,0.41388794779777527,不好看,0.0,0.5861120522022247,success
video_10,梓怡-巨乳學妹兼職賺取學費 -被老板狂操爆漿 無套抽插操出白漿 精液灌滿蜜穴,magnet:?xt=urn:btih:eff79577e3557b05617518d5828af4f351b9ce26,0.5844792127609253,好看,1.0,0.5844792127609253,success
video_11,顶级尤物，无敌妖艳又清纯的粉嫩大美人，人间极品蜜桃胸器,magnet:?xt=urn:btih:897b70177838d6ae14cf478ed637202575c71414,0.45759910345077515,不好看,0.0,0.5424008965492249,success
video_12,超强视觉盛宴！偏执狂顶级女体调教大神【凝望DOM】最新作品⑵，五花八门各种虐待折磨母狗的方法(32V),magnet:?xt=urn:btih:694b63a043841a2872c68a27140f4aa7a22856c2,0.40911051630973816,不好看,0.0,0.5908894836902618,success
video_13,0328-CXN新晋约炮大神『ICICIS』?去健身房报名减肥 结果把瑜伽教练给带回家4P，美腿尤物极度淫骚 一边挨操一边被羞辱(13V),magnet:?xt=urn:btih:3b5871a42480ad3f045beb2373fc47825a0bb369,0.48159539699554443,不好看,0.0,0.5184046030044556,success
video_14,【原档泄密】极品颜值情侣私拍泄密流出?小骚货越看越带劲，看起来挺文静床上骚出水，一插进来秒变小荡妇,magnet:?xt=urn:btih:4da8152a464591aafade05ad5cf608c6bb1773e5,0.4969022870063782,不好看,0.0,0.5030977129936218,success
video_15,超可爱新晋极品网红美少女Cos涂山苏苏 道士哥哥神秘法器直插粉嫩阴户,magnet:?xt=urn:btih:3faf223c0be5dcbb50bf1c364e82264afc9fccd1,0.5955156683921814,好看,1.0,0.5955156683921814,success
video_16,首存100以上即贈送10%，最高送9999元，可提款！jbc568.com,magnet:?xt=urn:btih:38d5162fd99760c123abca7d84880a92ca1ccb72,0.6283175349235535,好看,1.0,0.6283175349235535,success
video_17,【影片标题】：上海西西绿播g奶女神口鸡啪啪 道具绝对秒射狼友们撸起来399,magnet:?xt=urn:btih:851e4d63cd007ac9c8dc3d4be84ca54489f4761b,0.4751304090023041,不好看,0.0,0.5248695909976959,success
video_18,【影片标题】：私人影像 真实国产中年夫妇和老夫老妻的家庭捆绑774,magnet:?xt=urn:btih:a0d34280cc10c1d5cf597974033ae1d324f3bcc5,0.4239327311515808,不好看,0.0,0.5760672688484192,success
video_19,⚫️超强母狗调教大神【黑猫的私奴日记】最新作品，白嫩女研母狗化身精厕，无套后入绝顶高潮,magnet:?xt=urn:btih:58f47e189b90a28da8b0dc10b329a1df93e59a2a,0.4424815773963928,不好看,0.0,0.5575184226036072,success
video_20,"长相清纯颜值甜美小仙女,毛毛全刮掉了十分干净,高潮流浆湿漉漉",magnet:?xt=urn:btih:d942853d7ed33025e7a75012f744ed44adc8daee,0.5786017179489136,好看,1.0,0.5786017179489136,success
video_21,《母子乱伦》我第一次看到小妈的裸体不算很细腻但也算标致剖腹产下面很紧不过很黑,magnet:?xt=urn:btih:eb8ae74ab2c223e6c88a6ca81c53e5c45486d877,0.407978892326355,不好看,0.0,0.592021107673645,success
video_22,糖心VlogUp主【嫩小兔】兔子警官现世人类世界 三小时女友体验 蜜穴满足宅男欲望 无套插穴,magnet:?xt=urn:btih:27340c17f711ee7b0d0858d24c2bb9c20a7fdac8,0.44467005133628845,不好看,0.0,0.5553299486637115,success
video_23,女神级高颜值美妞下海自慰秀，吸吮手指一脸想要，掏出白嫩大奶子,magnet:?xt=urn:btih:6ade48143b1f4e5b4e970389fe25cde18c82c7d3,0.4625217914581299,不好看,0.0,0.5374782085418701,success
video_24,糖心VlogUp主【小欣奈】色情上门女仆 为主人提供榨精服务 高潮痉挛内射,magnet:?xt=urn:btih:c083413e9271fde82ea442a199089f2a9193ee60,0.442747563123703,不好看,0.0,0.557252436876297,success
video_25,香蕉工作室 - 吳文琪 - XJX-0177 群居動物熱衷訓練白皙富麗的美女成為性奴 1080p,magnet:?xt=urn:btih:98de5187193a75356222bff32e9844d9e5d43cc6,0.5736329555511475,好看,1.0,0.5736329555511475,success
video_26,極品超美禦姐【沈思繆-Tinaislove】1.20號 財閥玩物，另一位男主，每天都在被高端人士享用,magnet:?xt=urn:btih:9be62aca77b4723118e8daa6b15a1ad90f887688,0.6585296988487244,好看,1.0,0.6585296988487244,success
video_27,乱伦大神【熟控大胖】梦到53岁气质大姑鸡儿硬的难受❤️去大姑家抱起来一顿内射,magnet:?xt=urn:btih:8b1a3588563ddbba1e951c4182eb84bd300e292b,0.4108693599700928,不好看,0.0,0.5891306400299072,success
video_28,老虎菜SVIP頻道獨家內容--苦等兩個月終於分手——我願稱之為第一騷--第1+2+3彈合集,magnet:?xt=urn:btih:041d386dece4913e379439567cf6584ed0850cb9,0.4714655876159668,不好看,0.0,0.5285344123840332,success
video_29,雲盤高質露臉泄密！阿黑顏白嫩小母狗大方造愛吃雞顏射，顏值可以主打開放聽話,magnet:?xt=urn:btih:c6836bf04d48e1b1a9f7186ef81d6048bbde0715,0.6418145895004272,好看,1.0,0.6418145895004272,success
video_30,【AI巨星性体验】人工智能❤️让女神下海不是梦之大幂女神『杨幂』高潮版《一路向西》享受爆乳大蜜莞式服务 高清1080P原版,magnet:?xt=urn:btih:f668df403c979bdaa9718b2ab97595ccd1deb319,0.4456961750984192,不好看,0.0,0.5543038249015808,success
video_31,【SSRPeach】 清華大學外文系臀後健身教練「Ellie」OF劇情私拍 女健身私教教練親自用身體激勵學員,magnet:?xt=urn:btih:1c89777f358ca4a151bd093bd550b0f15c73afb3,0.4460793733596802,不好看,0.0,0.5539206266403198,success
video_32,AI- 佟麗婭 痴女治療師 完美換臉，極品中的極品,magnet:?xt=urn:btih:3bb1783963ba1f950aa8e4b8331019a088f35f98,0.6613790392875671,好看,1.0,0.6613790392875671,success
video_33,極品騷婊反差嫩模『CandyKiss』這么小的球洞洞你能一桿進洞嗎？公司翹臀女上被高管帶到檯球廳潛規則,magnet:?xt=urn:btih:16e724a6f81cf4f6fb775621bd5304430f21b941,0.4309931695461273,不好看,0.0,0.5690068304538727,success
video_34,麻豆传媒映画 MSD-211 瑜伽教练的激情私教 特殊性爱姿势榨干学员 米菲兔,magnet:?xt=urn:btih:78d46cdf8588c9ec4d35a1f06892199071278984,0.6444376111030579,好看,1.0,0.6444376111030579,success
video_35,[MP4/ 1.15G] 极品颜值清纯嫩妹美美的脸纤细的腰超极品可爱小仙女 极品身材无套爆操， 表面看起来很乖巧可爱 私下是爸爸小母狗,magnet:?xt=urn:btih:8c17ded286e620871923c017ae5fcd691237f3db,0.4341944456100464,不好看,0.0,0.5658055543899536,success
video_36,极品女神清纯外表淫荡粗道具狂插白浆直流身材一流奶子坚挺,magnet:?xt=urn:btih:5baacc422e4185a2f14292a4bd5e2b6fa3788147,0.5692407488822937,好看,1.0,0.5692407488822937,success
video_37,[MP4/ 1.54G] 汝工作室极品白虎御姐小米姬可爱的台湾女孩为了辞掉收银员工作尝试拍摄色情片,magnet:?xt=urn:btih:6616a1c86203158387d8003fc697e6667f958507,0.43270403146743774,不好看,0.0,0.5672959685325623,success
video_38,[MP4/ 487M] 约啪极品反差台球助教！露脸颜射！这妹子太反差了，特别骚！趴在厕所镜子面前后入她，不要太爽！,magnet:?xt=urn:btih:63bbcdc24441e546d622d229758183495f38ea77,0.4245724380016327,不好看,0.0,0.5754275619983673,success
video_39,[MP4/ 337M] 调教内射高中生小嫩穴高中生小学妹穿上JK带上猫抓 即萌又可爱 镜子前看着自己被后入 无套内射 白花花的精液流出好多,magnet:?xt=urn:btih:944f7636de0ca7375d0bc7307e3a9a4ad9bdd8d8,0.4386769235134125,不好看,0.0,0.5613230764865875,success
video_40,[MP4/ 393M] 健身女友 老公我爱你 每次都这样 女友嫩穴特別紧 操了几分钟就内射了,magnet:?xt=urn:btih:b00778780f94fe77381aa74427744dda85a811f2,0.4410102665424347,不好看,0.0,0.5589897334575653,success
video_41,[MP4/ 98M] 山东反差婊 吴昕鸽 颜值超高的女主年仅19岁 表情到位符合自慰高潮的要求 逼水超多流出,magnet:?xt=urn:btih:fdad7b8f406fa2ebe00c3a5105814cfd1bd73f73,0.45240381360054016,不好看,0.0,0.5475961863994598,success
video_42,[MP4/ 447M] 主玩学生嫩妹，推特约炮大神胖爷的奇妙之旅千元门槛，JK白丝高颜值学生妹,magnet:?xt=urn:btih:d50bbe3a048fdf7b9a361c1883097fa5fb2a90d3,0.4408794641494751,不好看,0.0,0.5591205358505249,success
video_43,[MP4/ 417M] 可爱小女友先紫薇 再用大肉棒满足她,magnet:?xt=urn:btih:dd0384aad66494e84bd7a01beea41422fb3b31bf,0.43269920349121094,不好看,0.0,0.5673007965087891,success
video_44,最新流出FC2-PPV系列【处女丧失】SS级白皙妙龄美少女学生嫩妹初次下海❤️羞涩生疏啪啪啪带出处女血,magnet:?xt=urn:btih:c16dc3370979715f3633d78f533e9313926eae33,0.3945637047290802,不好看,0.0,0.6054362952709198,success
video_45,[MP4/ 112M] 上海极品白领周佳怡被男同事强上并成为炮友不雅视频曝光，公司团建结束后男同事假意送回家直接强推 很骚,magnet:?xt=urn:btih:82f8bf60c7e7572fffb85e41ecc43467c9eb8e2c,0.44907987117767334,不好看,0.0,0.5509201288223267,success
video_46,[MP4/ 958M] 千人斩操遍各国，把女人当肉便器，阿拉伯肌肉桩机Gattouz0兽性大发怒艹两位贱货,magnet:?xt=urn:btih:fca0e555d6ea6cefe19c8184bc06dff64b615e92,0.44242745637893677,不好看,0.0,0.5575725436210632,success
video_47,[MP4/ 175M] 辽宁辽源 吉DR3855 年度车震大瓜 00小伙恋上老阿姨寻求刺激玩车震 被狂操到车体颠簸,magnet:?xt=urn:btih:c23dc19d45c1a47917684c2b21105ff1f6160dce,0.4243786633014679,不好看,0.0,0.5756213366985321,success
video_48,[MP4/ 475M] 双飞黑丝美女 两女三男享受性爱盛宴,magnet:?xt=urn:btih:4c7676e767cb93e4ad012e7ef55bb5a01d364765,0.444243848323822,不好看,0.0,0.555756151676178,success
video_49,[MP4/ 783M] 极品清纯人气女神婕咪NTR剧情长时作品，约男友下课后在教室色色被老师发现，惨遭3P双穴齐开,magnet:?xt=urn:btih:5620c4eb1cf0dc5de65ec1e455f6569e7135d88c,0.45291534066200256,不好看,0.0,0.5470846593379974,success
video_50,[MP4/ 1.02G] 摄影大师少女时代约拍05年172大学生兼职做模特，拍着拍着学妹流水，直接跳蛋伺候暴力搞出血了,magnet:?xt=urn:btih:ab050e8d31abb8e3c471711aced84f79b414d848,0.4182066321372986,不好看,0.0,0.5817933678627014,success
video_51,[MP4/ 288M] 贵在真实无滤镜，小情侣出租房露脸性爱自拍，美女的鲍鱼挺肥阴唇一大一小还黑但是淫水挺多，无套啪啪口爆吞精很刺激~1,magnet:?xt=urn:btih:f47fc4564901e764128ce185fce6142a1d3ab62d,0.4042234420776367,不好看,0.0,0.5957765579223633,success
video_52,⚫️天使映画剧情系列，巨乳DJ女优【苏樱花】G乳小只马在路上发传单，想成为网红却被说服拍了AV,magnet:?xt=urn:btih:824e75d97efd4549d161251657345a3b6b70d05f,0.4285503029823303,不好看,0.0,0.5714496970176697,success
video_53,[MP4/ 343M] 真实反差小母狗！土豪重金定制，外纯内骚斯文眼镜福利姬绮绮子私拍，制服道具双眼开发紫薇，嗲叫声销魂2,magnet:?xt=urn:btih:c756c7682e667800446be73a769706a17910a775,0.4311986267566681,不好看,0.0,0.5688013732433319,success
video_54,[MP4/ 309M] 黑丝美女 啊啊 救命 第一视角扛着大长腿被大肉棒无套输出 稀毛一线天真嫩,magnet:?xt=urn:btih:81a581c43114d134e22e7affa5e1a0c8eccfee90,,error,,,error
video_55,[MP4/ 574M] 人气网黄，最红帝都极品身材嫩模北京瑶瑶Lonelymeow付费作品，COSER道具自慰颜射,magnet:?xt=urn:btih:bb4bb8fc9e91aa339c382d2ec809b7b4c5274013,,error,,,error
video_56,福州富姐人妻千里送逼两米浴缸搞起来大声骚叫外面都听到了,magnet:?xt=urn:btih:63159f6e81332f3b168925a2d6770463eb8a5982,0.601295530796051,好看,1.0,0.601295530796051,success
video_57,[MP4/ 110M] 湖南长沙香樟路某中学 刘某 利用班主任身份强迫学生啪啪 拍下视频长期玩弄,magnet:?xt=urn:btih:bca03b0b44723a48eff6ce6ef1a8bf899ac32a9d,,error,,,error
video_58,雲盤高質露臉泄密！反差女白領與同居男友日常各種性愛自拍流出,magnet:?xt=urn:btih:c50972242ef5ee15e9ab325da659c39e36d24cce,0.5498314499855042,好看,1.0,0.5498314499855042,success
video_59,[MP4/ 1020M] 新品，顶级绿帽媚黑淫妻RealHotWife推特付费，大块头黑人猛男无套爆肏内射,magnet:?xt=urn:btih:b36d0d2a0695dc7dd1ad429bf5ded7f974db9ec3,,error,,,error
